Feature,Opened_Correlation,Clicked_Correlation,Average_Importance
age,0.046863721432990224,0.07023644903522572,0.05855008523410797
avg_order_value,0.16415748281629794,0.154987392329563,0.15957243757293046
last_engagement_days,0.20387691222826523,0.11946440719678632,0.16167065971252578
historical_open_rate,0.18540392307029568,0.13910806179260585,0.16225599243145078
purchase_frequency,0.16556438329278497,0.15978550637717098,0.16267494483497796
engagement_score,0.1836087111785838,0.14688217540105614,0.16524544328981997
historical_click_rate,0.1766008311149248,0.16139230517489167,0.16899656814490824
